{
  "registration": [
    {
      "name": "Ravi",
      "tname": "EXO",
      "base_prize": 100,
      "avaibale_members": 6
    },
    {
      "name": "Sharaf_1",
      "tname": "EXO",
      "base_prize": 110,
      "avaibale_members": 2,
      "id": "8558"
    }
  ],
  "currentBid": [
    {
      "id": "1",
      "name": "Bilal",
      "Country": "Singapore",
      "Records": [],
      "base_p": 1
    }
  ],
  "currentautHistory": [
    {
      "id": "1",
      "team": "typicode",
      "pname": "typicode",
      "time": "",
      "date": ""
    }
  ],
  "completedList": [
    {
      "id": "1",
      "pname": "Billal",
      "tname": "Exo",
      "prize": 10,
      "bid_history": []
    }
  ]
}